interval_id,cluster_id,weight,inst_begin,inst_end,sim_id,sim_warmup,sim_inst,total_inst
125,11,0.0329761,12400000000,12600000000,0,100000000,200000000,367024987273
207,10,0.0327013,20600000000,20800000000,1,100000000,200000000,367024987273
392,13,0.0131904,39100000000,39300000000,2,100000000,200000000,367024987273
824,5,0.0763946,82300000000,82500000000,3,100000000,200000000,367024987273
833,19,0.177796,83200000000,83400000000,4,100000000,200000000,367024987273
930,16,0.0766694,92900000000,93100000000,5,100000000,200000000,367024987273
1538,14,0.0145644,153700000000,153900000000,6,100000000,200000000,367024987273
2021,15,0.0494641,202000000000,202200000000,7,100000000,200000000,367024987273
2109,17,0.0629294,210800000000,211000000000,8,100000000,200000000,367024987273
2192,0,0.0307777,219100000000,219300000000,9,100000000,200000000,367024987273
2427,8,0.0340753,242600000000,242800000000,10,100000000,200000000,367024987273
2573,12,0.0197857,257200000000,257400000000,11,100000000,200000000,367024987273
2590,2,0.0294037,258900000000,259100000000,12,100000000,200000000,367024987273
2713,3,0.0563342,271200000000,271400000000,13,100000000,200000000,367024987273
2772,6,0.0601814,277100000000,277300000000,14,100000000,200000000,367024987273
2804,9,0.0203353,280300000000,280500000000,15,100000000,200000000,367024987273
2987,7,0.0472657,298600000000,298800000000,16,100000000,200000000,367024987273
3081,18,0.068975,308000000000,308200000000,17,100000000,200000000,367024987273
3451,4,0.0508381,345000000000,345200000000,18,100000000,200000000,367024987273
3666,1,0.0453421,366500000000,366700000000,19,100000000,200000000,367024987273
